"","Meeting","Year","Date","Dec_Date","Interval","Phase"
"1","2000aquatic20000518","2000",2000-05-18,2000.37704918033,1,1
"2","2000aquatic20000608","2000",2000-06-08,2000.43442622951,1,1
"3","2000aquatic20000713","2000",2000-07-13,2000.53005464481,1,1
"4","2000aquatic20000914","2000",2000-09-14,2000.70218579235,1,1
"5","2000aquatic20001012","2000",2000-10-12,2000.77868852459,1,1
"6","2000aquatic20001109","2000",2000-11-09,2000.85519125683,2,1
"7","2000aquatic20001214","2000",2000-12-14,2000.95081967213,2,1
"8","2000aquatictech20000516","2000",2000-05-16,2000.37158469945,1,1
"9","2000aquatictech20000613","2000",2000-06-13,2000.44808743169,1,1
"10","2000aquatictech20000726","2000",2000-07-26,2000.56557377049,1,1
"11","2000aquatictech20000831","2000",2000-08-31,2000.66393442623,1,1
"12","2000aquatictech20000928","2000",2000-09-28,2000.74043715847,1,1
"13","2000aquatictech20001019","2000",2000-10-19,2000.79781420765,1,1
"14","2000cultural20000525","2000",2000-05-25,2000.39617486339,1,1
"15","2000cultural20000620","2000",2000-06-20,2000.46721311475,1,1
"16","2000cultural20000718","2000",2000-07-18,2000.54371584699,1,1
"17","2000cultural20000919","2000",2000-09-19,2000.71584699454,1,1
"18","2000cultural20001017","2000",2000-10-17,2000.79234972678,1,1
"19","2000cultural20001121","2000",2000-11-21,2000.88797814208,2,1
"20","2000cultural20001212","2000",2000-12-12,2000.94535519126,2,1
"21","2000economic20000607","2000",2000-06-07,2000.43169398907,1,1
"22","2000economic20000712","2000",2000-07-12,2000.52732240437,1,1
"23","2000economic20000920","2000",2000-09-20,2000.71857923497,1,1
"24","2000economic20001011","2000",2000-10-11,2000.77595628415,1,1
"25","2000economic20001108","2000",2000-11-08,2000.85245901639,2,1
"26","2000fish20000301","2000",2000-03-01,2000.16393442623,0,1
"27","2000fish20000406","2000",2000-04-06,2000.26229508197,0,1
"28","2000process20000531","2000",2000-05-31,2000.41256830601,1,1
"29","2000public20000330","2000",2000-03-30,2000.24316939891,0,1
"30","2000recreational20000523","2000",2000-05-23,2000.39071038251,1,1
"31","2000recreational20000615","2000",2000-06-15,2000.45355191257,1,1
"32","2000recreational20000724","2000",2000-07-24,2000.56010928962,1,1
"33","2000recreational20000925","2000",2000-09-25,2000.73224043716,1,1
"34","2000recreational20001030","2000",2000-10-30,2000.82786885246,1,1
"35","2000recreational20001127","2000",2000-11-27,2000.9043715847,2,1
"36","2000recreational20001218","2000",2000-12-18,2000.96174863388,2,1
"37","2000solution20001025","2000",2000-10-25,2000.81420765027,1,1
"38","2000solution20001213","2000",2000-12-13,2000.94808743169,2,1
"39","2000water20000608","2000",2000-06-08,2000.43442622951,1,1
"40","2000water20000713","2000",2000-07-13,2000.53005464481,1,1
"41","2000water20000914","2000",2000-09-14,2000.70218579235,1,1
"42","2000wildlife20000523","2000",2000-05-23,2000.39071038251,1,1
"43","2000wildlife20000620","2000",2000-06-20,2000.46721311475,1,1
"44","2000wildlife20000718","2000",2000-07-18,2000.54371584699,1,1
"45","2000wildlife20000919","2000",2000-09-19,2000.71584699454,1,1
"46","2000wildlife20001017","2000",2000-10-17,2000.79234972678,1,1
"47","2000wildlife20001205","2000",2000-12-05,2000.9262295082,2,1
"48","2001aquatic20010111","2001",2001-01-11,2001.02739726027,2,1
"49","2001aquatic20010208","2001",2001-02-08,2001.10410958904,2,1
"50","2001aquatic20010308","2001",2001-03-08,2001.18082191781,2,1
"51","2001aquatic20010412","2001",2001-04-12,2001.27671232877,2,1
"52","2001aquatic20010510","2001",2001-05-10,2001.35342465753,3,1
"53","2001aquatic20010614","2001",2001-06-14,2001.44931506849,3,1
"54","2001aquatic20010712","2001",2001-07-12,2001.52602739726,3,1
"55","2001aquatic20010809","2001",2001-08-09,2001.60273972603,3,1
"56","2001aquatic20010913","2001",2001-09-13,2001.69863013699,3,1
"57","2001aquatic20011023","2001",2001-10-23,2001.80821917808,3,1
"58","2001aquatic20011120","2001",2001-11-20,2001.88493150685,4,1
"59","2001cultural20010109","2001",2001-01-09,2001.02191780822,2,1
"60","2001cultural20010212","2001",2001-02-12,2001.11506849315,2,1
"61","2001cultural20010313","2001",2001-03-13,2001.19452054795,2,1
"62","2001cultural20010410","2001",2001-04-10,2001.27123287671,2,1
"63","2001cultural20010508","2001",2001-05-08,2001.34794520548,3,1
"64","2001cultural20010612","2001",2001-06-12,2001.44383561644,3,1
"65","2001cultural20010710","2001",2001-07-10,2001.52054794521,3,1
"66","2001cultural20011009","2001",2001-10-09,2001.7698630137,3,1
"67","2001cultural20011113","2001",2001-11-13,2001.86575342466,4,1
"68","2001economic20010110","2001",2001-01-10,2001.02465753425,2,1
"69","2001economic20010314","2001",2001-03-14,2001.19726027397,2,1
"70","2001economic20010411","2001",2001-04-11,2001.27397260274,2,1
"71","2001fish20010130","2001",2001-01-30,2001.07945205479,2,1
"72","2001fish20010801","2001",2001-08-01,2001.58082191781,3,1
"73","2001fish20010905","2001",2001-09-05,2001.67671232877,3,1
"74","2001fish20011101","2001",2001-11-01,2001.83287671233,4,1
"75","2001fish20011211","2001",2001-12-11,2001.94246575342,4,1
"76","2001fish20011212","2001",2001-12-12,2001.94520547945,4,1
"77","2001recreational20010122","2001",2001-01-22,2001.05753424658,2,1
"78","2001recreational20010226","2001",2001-02-26,2001.15342465753,2,1
"79","2001recreational20010326","2001",2001-03-26,2001.2301369863,2,1
"80","2001recreational20010423","2001",2001-04-23,2001.30684931507,2,1
"81","2001recreational20010521","2001",2001-05-21,2001.38356164384,3,1
"82","2001recreational20010620","2001",2001-06-20,2001.46575342466,3,1
"83","2001recreational20010723","2001",2001-07-23,2001.55616438356,3,1
"84","2001recreational20010820","2001",2001-08-20,2001.63287671233,3,1
"85","2001recreational20010924","2001",2001-09-24,2001.72876712329,3,1
"86","2001recreational20011022","2001",2001-10-22,2001.80547945205,3,1
"87","2001recreational20011119","2001",2001-11-19,2001.88219178082,4,1
"88","2001solution20010124","2001",2001-01-24,2001.06301369863,2,1
"89","2001solution20010228","2001",2001-02-28,2001.15890410959,2,1
"90","2001solution20010328","2001",2001-03-28,2001.23561643836,2,1
"91","2001solution20010523","2001",2001-05-23,2001.38904109589,3,1
"92","2001solution20010627","2001",2001-06-27,2001.48493150685,3,1
"93","2001solution20011024","2001",2001-10-24,2001.81095890411,3,1
"94","2001solution20011128","2001",2001-11-28,2001.90684931507,4,1
"95","2001wildlife20010116","2001",2001-01-16,2001.04109589041,2,1
"96","2001wildlife20010220","2001",2001-02-20,2001.13698630137,2,1
"97","2001wildlife20010320","2001",2001-03-20,2001.21369863014,2,1
"98","2001wildlife20010417","2001",2001-04-17,2001.2904109589,2,1
"99","2001wildlife20010515","2001",2001-05-15,2001.36712328767,3,1
"100","2001wildlife20010619","2001",2001-06-19,2001.46301369863,3,1
"101","2001wildlife20010717","2001",2001-07-17,2001.5397260274,3,1
"102","2001wildlife20010821","2001",2001-08-21,2001.63561643836,3,1
"103","2001wildlife20010918","2001",2001-09-18,2001.71232876712,3,1
"104","2001wildlife20011016","2001",2001-10-16,2001.78904109589,3,1
"105","2001wildlife20011115","2001",2001-11-15,2001.87123287671,4,1
"106","2002aquatic20020110","2002",2002-01-10,2002.02465753425,4,1
"107","2002aquatic20020214","2002",2002-02-14,2002.12054794521,4,1
"108","2002aquatic20020314","2002",2002-03-14,2002.19726027397,4,1
"109","2002aquatic20020411","2002",2002-04-11,2002.27397260274,4,1
"110","2002aquatic20020509","2002",2002-05-09,2002.35068493151,5,1
"111","2002aquatic20020711","2002",2002-07-11,2002.52328767123,5,1
"112","2002aquatic20020808","2002",2002-08-08,2002.6,5,1
"113","2002aquatic20020912","2002",2002-09-12,2002.69589041096,5,1
"114","2002aquatic20021017","2002",2002-10-17,2002.79178082192,5,1
"115","2002aquatic20021114","2002",2002-11-14,2002.86849315069,6,1
"116","2002aquatic20021212","2002",2002-12-12,2002.94520547945,6,1
"117","2002cultural20020108","2002",2002-01-08,2002.01917808219,4,1
"118","2002cultural20020312","2002",2002-03-12,2002.19178082192,4,1
"119","2002cultural20020625","2002",2002-06-25,2002.47945205479,5,1
"120","2002cultural20020819","2002",2002-08-19,2002.6301369863,5,1
"121","2002cultural20020910","2002",2002-09-10,2002.6904109589,5,1
"122","2002cultural20021008","2002",2002-10-08,2002.76712328767,5,1
"123","2002cultural20021105","2002",2002-11-05,2002.84383561644,6,1
"124","2002cultural20021209","2002",2002-12-09,2002.93698630137,6,1
"125","2002cultural20021210","2002",2002-12-10,2002.9397260274,6,1
"126","2002economic20020410","2002",2002-04-10,2002.27123287671,4,1
"127","2002economic20020911","2002",2002-09-11,2002.69315068493,5,1
"128","2002economic20021009","2002",2002-10-09,2002.7698630137,5,1
"129","2002economic20021113","2002",2002-11-13,2002.86575342466,6,1
"130","2002fish20020107","2002",2002-01-07,2002.01643835616,4,1
"131","2002fish20020108","2002",2002-01-08,2002.01917808219,4,1
"132","2002fish20020204","2002",2002-02-04,2002.09315068493,4,1
"133","2002fish20020205","2002",2002-02-05,2002.09589041096,4,1
"134","2002fish20020305","2002",2002-03-05,2002.17260273973,4,1
"135","2002fish20020402","2002",2002-04-02,2002.24931506849,4,1
"136","2002fish20020507","2002",2002-05-07,2002.34520547945,5,1
"137","2002fish20020917","2002",2002-09-17,2002.7095890411,5,1
"138","2002instream20020422","2002",2002-04-22,2002.30410958904,4,1
"139","2002instream20020513","2002",2002-05-13,2002.36164383562,5,1
"140","2002instream20020708","2002",2002-07-08,2002.51506849315,5,1
"141","2002recreational20020128","2002",2002-01-28,2002.07397260274,4,1
"142","2002recreational20020225","2002",2002-02-25,2002.15068493151,4,1
"143","2002recreational20020325","2002",2002-03-25,2002.22739726027,4,1
"144","2002recreational20020422","2002",2002-04-22,2002.30410958904,4,1
"145","2002recreational20020520","2002",2002-05-20,2002.38082191781,5,1
"146","2002recreational20020722","2002",2002-07-22,2002.55342465753,5,1
"147","2002recreational20020822","2002",2002-08-22,2002.63835616438,5,1
"148","2002recreational20020923","2002",2002-09-23,2002.72602739726,5,1
"149","2002recreational20021028","2002",2002-10-28,2002.82191780822,5,1
"150","2002recreational20021118","2002",2002-11-18,2002.87945205479,6,1
"151","2002recreational20021216","2002",2002-12-16,2002.95616438356,6,1
"152","2002solution20020123","2002",2002-01-23,2002.0602739726,4,1
"153","2002solution20020227","2002",2002-02-27,2002.15616438356,4,1
"154","2002solution20020327","2002",2002-03-27,2002.23287671233,4,1
"155","2002solution20020424","2002",2002-04-24,2002.3095890411,4,1
"156","2002solution20020522","2002",2002-05-22,2002.38630136986,5,1
"157","2002solution20020626","2002",2002-06-26,2002.48219178082,5,1
"158","2002solution20020724","2002",2002-07-24,2002.55890410959,5,1
"159","2002solution20020828","2002",2002-08-28,2002.65479452055,5,1
"160","2002solution20020925","2002",2002-09-25,2002.73150684932,5,1
"161","2002solution20021030","2002",2002-10-30,2002.82739726027,5,1
"162","2002solution20021126","2002",2002-11-26,2002.90136986301,6,1
"163","2002solution20021217","2002",2002-12-17,2002.95890410959,6,1
"164","2002terrestrial20020730","2002",2002-07-30,2002.57534246575,5,1
"165","2002terrestrial20021108","2002",2002-11-08,2002.85205479452,6,1
"166","2002terrestrial20021205","2002",2002-12-05,2002.92602739726,6,1
"167","2002wildlife20020117","2002",2002-01-17,2002.04383561644,4,1
"168","2002wildlife20020221","2002",2002-02-21,2002.1397260274,4,1
"169","2002wildlife20020417","2002",2002-04-17,2002.2904109589,4,1
"170","2002wildlife20020515","2002",2002-05-15,2002.36712328767,5,1
"171","2002wildlife20020606","2002",2002-06-06,2002.42739726027,5,1
"172","2002wildlife20020717","2002",2002-07-17,2002.5397260274,5,1
"173","2002wildlife20020821","2002",2002-08-21,2002.63561643836,5,1
"174","2002wildlife20020919","2002",2002-09-19,2002.71506849315,5,1
"175","2002wildlife20021024","2002",2002-10-24,2002.81095890411,5,1
"176","2002wildlife20021121","2002",2002-11-21,2002.88767123288,6,1
"177","2002wildlife20021219","2002",2002-12-19,2002.96438356164,6,1
"178","2003aquatic20030109","2003",2003-01-09,2003.02191780822,6,1
"179","2003aquatic20030213","2003",2003-02-13,2003.11780821918,6,1
"180","2003aquatic20030313","2003",2003-03-13,2003.19452054795,6,1
"181","2003aquatic20030401","2003",2003-04-01,2003.24657534247,6,1
"182","2003aquatic20030402","2003",2003-04-02,2003.24931506849,6,1
"183","2003aquatic20030410","2003",2003-04-10,2003.27123287671,6,1
"184","2003aquatic20030508","2003",2003-05-08,2003.34794520548,7,2
"185","2003aquatic20030612","2003",2003-06-12,2003.44383561644,7,2
"186","2003aquatic20030710","2003",2003-07-10,2003.52054794521,7,2
"187","2003aquatic20030729","2003",2003-07-29,2003.57260273973,7,2
"188","2003aquatic20030812","2003",2003-08-12,2003.61095890411,7,2
"189","2003aquatic20030814","2003",2003-08-14,2003.61643835616,7,2
"190","2003aquatic20030825","2003",2003-08-25,2003.64657534247,7,2
"191","2003aquatic20030911","2003",2003-09-11,2003.69315068493,7,2
"192","2003aquatic20030912","2003",2003-09-12,2003.69589041096,7,2
"193","2003aquatic20030919","2003",2003-09-19,2003.71506849315,7,2
"194","2003aquatic20030929","2003",2003-09-29,2003.74246575342,7,2
"195","2003aquatic20031009","2003",2003-10-09,2003.7698630137,7,2
"196","2003aquatic20031016","2003",2003-10-16,2003.78904109589,7,2
"197","2003aquatic20031027","2003",2003-10-27,2003.81917808219,7,2
"198","2003aquatic20031211","2003",2003-12-11,2003.94246575342,8,2
"199","2003cultural20030114","2003",2003-01-14,2003.03561643836,6,1
"200","2003cultural20030211","2003",2003-02-11,2003.11232876712,6,1
"201","2003cultural20030408","2003",2003-04-08,2003.26575342466,6,1
"202","2003cultural20030513","2003",2003-05-13,2003.36164383562,7,2
"203","2003cultural20030911","2003",2003-09-11,2003.69315068493,7,2
"204","2003cultural20031118","2003",2003-11-18,2003.87945205479,8,2
"205","2003economics20030108","2003",2003-01-08,2003.01917808219,6,1
"206","2003economics20030212","2003",2003-02-12,2003.11506849315,6,1
"207","2003economics20030409","2003",2003-04-09,2003.26849315068,6,1
"208","2003economics20030507","2003",2003-05-07,2003.34520547945,7,1
"209","2003economics20030611","2003",2003-06-11,2003.44109589041,7,2
"210","2003economics20030728","2003",2003-07-28,2003.5698630137,7,2
"211","2003economics20030729","2003",2003-07-29,2003.57260273973,7,2
"212","2003economics20030813","2003",2003-08-13,2003.61369863014,7,2
"213","2003economics20031008","2003",2003-10-08,2003.76712328767,7,2
"214","2003fish20030114","2003",2003-01-14,2003.03561643836,6,1
"215","2003fish20030211","2003",2003-02-11,2003.11232876712,6,1
"216","2003fish20030428","2003",2003-04-28,2003.32054794521,6,1
"217","2003fish20030519","2003",2003-05-19,2003.37808219178,7,2
"218","2003fish20030617","2003",2003-06-17,2003.45753424658,7,2
"219","2003fish20030722","2003",2003-07-22,2003.55342465753,7,2
"220","2003fish20030724","2003",2003-07-24,2003.55890410959,7,2
"221","2003fish20030730","2003",2003-07-30,2003.57534246575,7,2
"222","2003fish20030909","2003",2003-09-09,2003.68767123288,7,2
"223","2003fish20031014","2003",2003-10-14,2003.78356164384,7,2
"224","2003fish20031015","2003",2003-10-15,2003.78630136986,7,2
"225","2003fish20031203","2003",2003-12-03,2003.92054794521,8,2
"226","2003fish20031204","2003",2003-12-04,2003.92328767123,8,2
"227","2003floodcontrol20031008","2003",2003-10-08,2003.76712328767,7,2
"228","2003instream20030502","2003",2003-05-02,2003.33150684932,7,1
"229","2003instream20030630","2003",2003-06-30,2003.49315068493,7,2
"230","2003instream20030925","2003",2003-09-25,2003.73150684932,7,2
"231","2003instream20031117","2003",2003-11-17,2003.87671232877,8,2
"232","2003instream20031215","2003",2003-12-15,2003.95342465753,8,2
"233","2003recreational20030127","2003",2003-01-27,2003.07123287671,6,1
"234","2003recreational20030224","2003",2003-02-24,2003.14794520548,6,1
"235","2003recreational20030324","2003",2003-03-24,2003.22465753425,6,1
"236","2003recreational20030428","2003",2003-04-28,2003.32054794521,6,1
"237","2003recreational20030519","2003",2003-05-19,2003.37808219178,7,2
"238","2003recreational20030616","2003",2003-06-16,2003.45479452055,7,2
"239","2003recreational20030623","2003",2003-06-23,2003.47397260274,7,2
"240","2003recreational20030721","2003",2003-07-21,2003.55068493151,7,2
"241","2003recreational20030807","2003",2003-08-07,2003.59726027397,7,2
"242","2003recreational20030811","2003",2003-08-11,2003.60821917808,7,2
"243","2003recreational20030825","2003",2003-08-25,2003.64657534247,7,2
"244","2003recreational20030915","2003",2003-09-15,2003.70410958904,7,2
"245","2003recreational20030922","2003",2003-09-22,2003.72328767123,7,2
"246","2003recreational20031002","2003",2003-10-02,2003.75068493151,7,2
"247","2003recreational20031003","2003",2003-10-03,2003.75342465753,7,2
"248","2003recreational20031024","2003",2003-10-24,2003.81095890411,7,2
"249","2003recreational20031027","2003",2003-10-27,2003.81917808219,7,2
"250","2003recreational20031124","2003",2003-11-24,2003.89589041096,8,2
"251","2003recreational20031215","2003",2003-12-15,2003.95342465753,8,2
"252","2003solution20030121","2003",2003-01-21,2003.05479452055,6,1
"253","2003solution20030225","2003",2003-02-25,2003.15068493151,6,1
"254","2003solution20030325","2003",2003-03-25,2003.22739726027,6,1
"255","2003solution20030422","2003",2003-04-22,2003.30410958904,6,1
"256","2003solution20030527","2003",2003-05-27,2003.4,7,2
"257","2003solution20030624","2003",2003-06-24,2003.47671232877,7,2
"258","2003solution20030722","2003",2003-07-22,2003.55342465753,7,2
"259","2003solution20030826","2003",2003-08-26,2003.64931506849,7,2
"260","2003solution20030923","2003",2003-09-23,2003.72602739726,7,2
"261","2003solution20031028","2003",2003-10-28,2003.82191780822,7,2
"262","2003solution20031125","2003",2003-11-25,2003.89863013699,8,2
"263","2003solution20031219","2003",2003-12-19,2003.96438356164,8,2
"264","2003terrestrial20030116","2003",2003-01-16,2003.04109589041,6,1
"265","2003terrestrial20030220","2003",2003-02-20,2003.13698630137,6,1
"266","2003terrestrial20030320","2003",2003-03-20,2003.21369863014,6,1
"267","2003terrestrial20030423","2003",2003-04-23,2003.30684931507,6,1
"268","2003terrestrial20030515","2003",2003-05-15,2003.36712328767,7,2
"269","2003terrestrial20030619","2003",2003-06-19,2003.46301369863,7,2
"270","2003terrestrial20030716","2003",2003-07-16,2003.53698630137,7,2
"271","2003terrestrial20030717","2003",2003-07-17,2003.5397260274,7,2
"272","2003terrestrial20030808","2003",2003-08-08,2003.6,7,2
"273","2003terrestrial20030821","2003",2003-08-21,2003.63561643836,7,2
"274","2003terrestrial20030917","2003",2003-09-17,2003.7095890411,7,2
"275","2003terrestrial20030918","2003",2003-09-18,2003.71232876712,7,2
"276","2003terrestrial20030930","2003",2003-09-30,2003.74520547945,7,2
"277","2003terrestrial20031017","2003",2003-10-17,2003.79178082192,7,2
"278","2003terrestrial20031105","2003",2003-11-05,2003.84383561644,8,2
"279","2003terrestrial20031205","2003",2003-12-05,2003.92602739726,8,2
"280","2003tst20030409","2003",2003-04-09,2003.26849315068,6,1
"281","2003tst20030417","2003",2003-04-17,2003.2904109589,6,1
"282","2003tst20030425","2003",2003-04-25,2003.31232876712,6,1
"283","2003tst20030505","2003",2003-05-05,2003.3397260274,7,1
"284","2003tst20030521","2003",2003-05-21,2003.38356164384,7,2
"285","2003tst20030530","2003",2003-05-30,2003.40821917808,7,2
"286","2003tst20030606","2003",2003-06-06,2003.42739726027,7,2
"287","2004aquatic20040123","2004",2004-01-23,2004.06010928962,8,2
"288","2004aquatic20040212","2004",2004-02-12,2004.11475409836,8,2
"289","2004aquatic20040218","2004",2004-02-18,2004.13114754098,8,2
"290","2004aquatic20040311","2004",2004-03-11,2004.1912568306,8,2
"291","2004aquatic20040408","2004",2004-04-08,2004.26775956284,8,2
"292","2004aquatic20040513","2004",2004-05-13,2004.36338797814,9,2
"293","2004aquatic20040610","2004",2004-06-10,2004.43989071038,9,2
"294","2004aquatic20040812","2004",2004-08-12,2004.61202185792,9,2
"295","2004aquatic20041216","2004",2004-12-16,2004.95628415301,10,3
"296","2004cultural20040113","2004",2004-01-13,2004.03278688525,8,2
"297","2004cultural20040210","2004",2004-02-10,2004.10928961749,8,2
"298","2004cultural20040315","2004",2004-03-15,2004.20218579235,8,2
"299","2004economics20040127","2004",2004-01-27,2004.07103825137,8,2
"300","2004fish20040120","2004",2004-01-20,2004.05191256831,8,2
"301","2004fish20040121","2004",2004-01-21,2004.05464480874,8,2
"302","2004fish20040308","2004",2004-03-08,2004.18306010929,8,2
"303","2004fish20040413","2004",2004-04-13,2004.28142076503,8,2
"304","2004instream20040107","2004",2004-01-07,2004.01639344262,8,2
"305","2004instream20040108","2004",2004-01-08,2004.01912568306,8,2
"306","2004instream20040130","2004",2004-01-30,2004.07923497268,8,2
"307","2004instream20040227","2004",2004-02-27,2004.15573770492,8,2
"308","2004instream20040305","2004",2004-03-05,2004.17486338798,8,2
"309","2004instream20040414","2004",2004-04-14,2004.28415300546,8,2
"310","2004instream20040524","2004",2004-05-24,2004.39344262295,9,2
"311","2004instream20040624","2004",2004-06-24,2004.4781420765,9,2
"312","2004recreational20040109","2004",2004-01-09,2004.0218579235,8,2
"313","2004recreational20040126","2004",2004-01-26,2004.06830601093,8,2
"314","2004recreational20040302","2004",2004-03-02,2004.16666666667,8,2
"315","2004recreational20040628","2004",2004-06-28,2004.48907103825,9,2
"316","2004solution20040106","2004",2004-01-06,2004.01366120219,8,2
"317","2004solution20040127","2004",2004-01-27,2004.07103825137,8,2
"318","2004solution20040210","2004",2004-02-10,2004.10928961749,8,2
"319","2004solution20040224","2004",2004-02-24,2004.14754098361,8,2
"320","2004terrestrial20040115","2004",2004-01-15,2004.03825136612,8,2
"321","2004terrestrial20040219","2004",2004-02-19,2004.13387978142,8,2
"322","2005aquatic20050420","2005",2005-04-20,2005.29863013699,10,3
"323","2005aquatic20050615","2005",2005-06-15,2005.45205479452,11,3
"324","2005aquatic20050809","2005",2005-08-09,2005.60273972603,11,3
"325","2005arg20051117","2005",2005-11-17,2005.87671232877,12,3
"326","2005bricc20050607","2005",2005-06-07,2005.4301369863,11,3
"327","2005crag20050520","2005",2005-05-20,2005.38082191781,11,3
"328","2005crag20051018","2005",2005-10-18,2005.79452054795,11,3
"329","2005solution20050215","2005",2005-02-15,2005.12328767123,10,3
"330","2005trig20050330_bot","2005",2005-03-30,2005.24109589041,10,3
"331","2005trig20050427_bot","2005",2005-04-27,2005.31780821918,10,3
"332","2005trig20050513","2005",2005-05-13,2005.36164383562,11,3
"333","2005trig20050607_bot","2005",2005-06-07,2005.4301369863,11,3
"334","2005trig20050720","2005",2005-07-20,2005.54794520548,11,3
"335","2005trig20050809_bot","2005",2005-08-09,2005.60273972603,11,3
"336","2005trig20050923","2005",2005-09-23,2005.72602739726,11,3
"337","2005trig20050923_bot","2005",2005-09-23,2005.72602739726,11,3
"338","2005trig20051013","2005",2005-10-13,2005.78082191781,11,3
"339","2005trig20051110","2005",2005-11-10,2005.85753424658,12,3
"340","2005trig20051114_elk","2005",2005-11-14,2005.86849315069,12,3
"341","2005trig20051220_elk","2005",2005-12-20,2005.96712328767,12,3
"342","2006arg20060110","2006",2006-01-10,2006.02465753425,12,3
"343","2006arg20060314","2006",2006-03-14,2006.19726027397,12,3
"344","2006arg20060606","2006",2006-06-06,2006.42739726027,13,3
"345","2006bricc20060214","2006",2006-02-14,2006.12054794521,12,3
"346","2006bricc20060411","2006",2006-04-11,2006.27397260274,12,3
"347","2006bricc20060424","2006",2006-04-24,2006.3095890411,12,3
"348","2006bricc20060717","2006",2006-07-17,2006.5397260274,13,3
"349","2006bricc20060921","2006",2006-09-21,2006.72054794521,13,3
"350","2006bricc20061116","2006",2006-11-16,2006.87397260274,14,3
"351","2006rrg20060509","2006",2006-05-09,2006.35068493151,13,3
"352","2006trig20060307_elk","2006",2006-03-07,2006.17808219178,12,3
"353","2006trig20060515_elk","2006",2006-05-15,2006.36712328767,13,3
"354","2006trig20060621_elk","2006",2006-06-21,2006.46849315068,13,3
"355","2006trig20060810_elk","2006",2006-08-10,2006.60547945205,13,3
"356","2006trig20061026","2006",2006-10-26,2006.81643835616,13,3
"357","2006trig20061207","2006",2006-12-07,2006.93150684932,14,3
"358","2007arg20070109","2007",2007-01-09,2007.02191780822,14,3
"359","2007arg20070313","2007",2007-03-13,2007.19452054795,14,3
"360","2007arg20070508","2007",2007-05-08,2007.34794520548,15,3
"361","2007arg20070710","2007",2007-07-10,2007.52054794521,15,3
"362","2007arg20070911","2007",2007-09-11,2007.69315068493,15,3
"363","2007arg20071211","2007",2007-12-11,2007.94246575342,16,3
"364","2007bricc20070425","2007",2007-04-25,2007.31232876712,14,3
"365","2007bricc20070822","2007",2007-08-22,2007.63835616438,15,3
"366","2007crag20070124","2007",2007-01-24,2007.06301369863,14,3
"367","2007crag20070221","2007",2007-02-21,2007.1397260274,14,3
"368","2007crag20070321","2007",2007-03-21,2007.21643835616,14,3
"369","2007crag20070418","2007",2007-04-18,2007.29315068493,14,3
"370","2007crag20070620","2007",2007-06-20,2007.46575342466,15,3
"371","2007crag20071003","2007",2007-10-03,2007.75342465753,15,3
"372","2007crag20071107","2007",2007-11-07,2007.84931506849,16,3
"373","2007rrg20070116","2007",2007-01-16,2007.04109589041,14,3
"374","2007rrg20070417","2007",2007-04-17,2007.2904109589,14,3
"375","2007rrg20070717","2007",2007-07-17,2007.5397260274,15,3
"376","2007rrg20071203","2007",2007-12-03,2007.92054794521,16,3
"377","2007trig_bot20070502","2007",2007-05-02,2007.33150684932,15,3
"378","2007trig20070104","2007",2007-01-04,2007.00821917808,14,3
"379","2007trig20070125_elk","2007",2007-01-25,2007.06575342466,14,3
"380","2007trig20070125_loon","2007",2007-01-25,2007.06575342466,14,3
"381","2007trig20070201","2007",2007-02-01,2007.08493150685,14,3
"382","2007trig20070220_elk","2007",2007-02-20,2007.13698630137,14,3
"383","2007trig20070301","2007",2007-03-01,2007.16164383562,14,3
"384","2007trig20070405","2007",2007-04-05,2007.25753424658,14,3
"385","2007trig20070420_elk","2007",2007-04-20,2007.29863013699,14,3
"386","2007trig20070503","2007",2007-05-03,2007.33424657534,15,3
"387","2007trig20070607","2007",2007-06-07,2007.4301369863,15,3
"388","2007trig20070705","2007",2007-07-05,2007.50684931507,15,3
"389","2007trig20070802","2007",2007-08-02,2007.58356164384,15,3
"390","2007trig20071004","2007",2007-10-04,2007.75616438356,15,3
"391","2007trig20071206","2007",2007-12-06,2007.92876712329,16,3
"392","2008arg20080212","2008",2008-02-12,2008.11475409836,16,3
"393","2008arg20080513","2008",2008-05-13,2008.36338797814,17,3
"394","2008arg20080610","2008",2008-06-10,2008.43989071038,17,3
"395","2008arg20080909","2008",2008-09-09,2008.68852459016,17,3
"396","2008arg20081014","2008",2008-10-14,2008.78415300546,17,3
"397","2008arg20081113","2008",2008-11-13,2008.86612021858,18,4
"398","2008arg20081209","2008",2008-12-09,2008.93715846995,18,4
"399","2008bricc20080123","2008",2008-01-23,2008.06010928962,16,3
"400","2008bricc20080227","2008",2008-02-27,2008.15573770492,16,3
"401","2008bricc20080326","2008",2008-03-26,2008.23224043716,16,3
"402","2008crag20080116","2008",2008-01-16,2008.04098360656,16,3
"403","2008crag20080220","2008",2008-02-20,2008.13661202186,16,3
"404","2008crag20080319","2008",2008-03-19,2008.2131147541,16,3
"405","2008crag20080416","2008",2008-04-16,2008.28961748634,16,3
"406","2008crag20081015","2008",2008-10-15,2008.7868852459,17,3
"407","2008rrg20080219","2008",2008-02-19,2008.13387978142,16,3
"408","2008rrg20080415","2008",2008-04-15,2008.2868852459,16,3
"409","2008rrg20080819","2008",2008-08-19,2008.63114754098,17,3
"410","2008rrg20081216","2008",2008-12-16,2008.95628415301,18,4
"411","2008trig_bot20081117","2008",2008-11-17,2008.87704918033,18,4
"412","2008trig20080110_bot","2008",2008-01-10,2008.02459016393,16,3
"413","2008trig20080207","2008",2008-02-07,2008.10109289617,16,3
"414","2008trig20080306","2008",2008-03-06,2008.17759562842,16,3
"415","2008trig20080501","2008",2008-05-01,2008.3306010929,17,3
"416","2008trig20080509","2008",2008-05-09,2008.35245901639,17,3
"417","2008trig20080605","2008",2008-06-05,2008.4262295082,17,3
"418","2008trig20080708","2008",2008-07-08,2008.51639344262,17,3
"419","2008trig20080916_bot","2008",2008-09-16,2008.70765027322,17,3
"420","2008trig20080923","2008",2008-09-23,2008.72677595628,17,3
"421","2008trig20081002","2008",2008-10-02,2008.75136612022,17,3
"422","2008trig20081022_bot","2008",2008-10-22,2008.80601092896,17,4
"423","2008trig20081106","2008",2008-11-06,2008.84699453552,18,4
"424","2008trig20081204","2008",2008-12-04,2008.92349726776,18,4
"425","2009arg20090113","2009",2009-01-13,2009.03287671233,18,4
"426","2009arg20090210","2009",2009-02-10,2009.1095890411,18,4
"427","2009arg20090310","2009",2009-03-10,2009.18630136986,18,4
"428","2009arg20090325","2009",2009-03-25,2009.22739726027,18,4
"429","2009arg20090414","2009",2009-04-14,2009.28219178082,18,4
"430","2009arg20090429","2009",2009-04-29,2009.32328767123,18,4
"431","2009arg20090512","2009",2009-05-12,2009.35890410959,19,4
"432","2009arg20090811","2009",2009-08-11,2009.60821917808,19,4
"433","2009arg20090908","2009",2009-09-08,2009.68493150685,19,4
"434","2009arg20091013","2009",2009-10-13,2009.78082191781,19,4
"435","2009arg20091208","2009",2009-12-08,2009.93424657534,20,4
"436","2009fptwg20090108","2009",2009-01-08,2009.01917808219,18,4
"437","2009fptwg20090430","2009",2009-04-30,2009.32602739726,18,4
"438","2009rec_lep20091130","2009",2009-11-30,2009.91232876712,20,4
"439","2009rrg20090224","2009",2009-02-24,2009.14794520548,18,4
"440","2009rrg20090318","2009",2009-03-18,2009.20821917808,18,4
"441","2009rrg20090421","2009",2009-04-21,2009.30136986301,18,4
"442","2009rrg20090616","2009",2009-06-16,2009.45479452055,19,4
"443","2009rrg20090616_lep","2009",2009-06-16,2009.45479452055,19,4
"444","2009rrg20090818","2009",2009-08-18,2009.62739726027,19,4
"445","2009rrg20090915","2009",2009-09-15,2009.70410958904,19,4
"446","2009rrg20091020","2009",2009-10-20,2009.8,19,4
"447","2009rrg20091130_lep","2009",2009-11-30,2009.91232876712,20,4
"448","2009rrg20091215","2009",2009-12-15,2009.95342465753,20,4
"449","2009trig20090108","2009",2009-01-08,2009.01917808219,18,4
"450","2009trig20090205","2009",2009-02-05,2009.09589041096,18,4
"451","2009trig20090305","2009",2009-03-05,2009.17260273973,18,4
"452","2009trig20090507","2009",2009-05-07,2009.34520547945,19,4
"453","2009trig20090604","2009",2009-06-04,2009.42191780822,19,4
"454","2009trig20090702","2009",2009-07-02,2009.49863013699,19,4
"455","2009trig20090806","2009",2009-08-06,2009.59452054795,19,4
"456","2009trig20090824","2009",2009-08-24,2009.64383561644,19,4
"457","2009trig20090903","2009",2009-09-03,2009.67123287671,19,4
"458","2009trig20091001","2009",2009-10-01,2009.74794520548,19,4
"459","2009trig20091028_bot","2009",2009-10-28,2009.82191780822,19,4
"460","2009trig20091105","2009",2009-11-05,2009.84383561644,20,4
"461","2009trig20091203","2009",2009-12-03,2009.92054794521,20,4
"462","2010-01-12_ARG_Final_Notes","2010",2010-01-12,2010.0301369863,20,4
"463","2010-02-09_ARG_Final_Notes","2010",2010-02-09,2010.10684931507,20,4
"464","2010-02-16_LEP_FinalNotes","2010",2010-02-16,2010.12602739726,20,4
"465","2010-02-26_RRG_FinalNotes","2010",2010-02-26,2010.15342465753,20,4
"466","2010-03-09_ARG_Final_Notes","2010",2010-03-09,2010.18356164384,20,4
"467","2010-04-13_ARG_Final_Notes","2010",2010-04-13,2010.27945205479,20,4
"468","2010-04-20_LEP_FinalNotes","2010",2010-04-20,2010.29863013699,20,4
"469","2010-04-20_RRG_FinalNotes","2010",2010-04-20,2010.29863013699,20,4
"470","2010-05-11_ARG_Final_notes","2010",2010-05-11,2010.35616438356,21,4
"471","2010-06-08_ARG_Final_notes","2010",2010-06-08,2010.43287671233,21,4
"472","2010-06-15_RRG_FinalNotes","2010",2010-06-15,2010.45205479452,21,4
"473","2010-07-13_ARG_Final_notes","2010",2010-07-13,2010.52876712329,21,4
"474","2010-08-10_ARG_Final_notes","2010",2010-08-10,2010.60547945205,21,4
"475","2010-08-17_RRG_FinalNotes","2010",2010-08-17,2010.62465753425,21,4
"476","2010-09-14_ARG_Final_notes","2010",2010-09-14,2010.70136986301,21,4
"477","2010-10-19_LEP_FinalNotes","2010",2010-10-19,2010.79726027397,21,4
"478","2010-10-19_RRG_FinalNotes","2010",2010-10-19,2010.79726027397,21,4
"479","2010-10-27_BRCC_Final_Notes.doc","2010",2010-10-27,2010.81917808219,21,4
"480","2010-11-16_RRG_FinalNotes","2010",2010-11-16,2010.87397260274,22,4
"481","2010brcc20100608","2010",2010-06-08,2010.43287671233,21,4
"482","2010crag20100106","2010",2010-01-06,2010.01369863014,20,4
"483","2010crag20100120","2010",2010-01-20,2010.05205479452,20,4
"484","2010crag20100127","2010",2010-01-27,2010.07123287671,20,4
"485","2010crag20100302","2010",2010-03-02,2010.16438356164,20,4
"486","2010crag20100406","2010",2010-04-06,2010.2602739726,20,4
"487","2010crag20100512","2010",2010-05-12,2010.35890410959,21,4
"488","2010crag20100818","2010",2010-08-18,2010.62739726027,21,4
"489","2010crag20100929","2010",2010-09-29,2010.74246575342,21,4
"490","2010crag20101012","2010",2010-10-12,2010.77808219178,21,4
"491","2010fptwg20100119","2010",2010-01-19,2010.04931506849,20,4
"492","2010fptwg20100226","2010",2010-02-26,2010.15342465753,20,4
"493","2010fptwg20100316","2010",2010-03-16,2010.20273972603,20,4
"494","2010rrg20100216","2010",2010-02-16,2010.12602739726,20,4
"495","2010trig_alder20100224","2010",2010-02-24,2010.14794520548,20,4
"496","2010trig_alder20100318","2010",2010-03-18,2010.20821917808,20,4
"497","2010trig_bot20100203","2010",2010-02-03,2010.0904109589,20,4
"498","2010trig_bot20101102","2010",2010-11-02,2010.83561643836,22,4
"499","2010trig20100107","2010",2010-01-07,2010.01643835616,20,4
"500","2010trig20100204","2010",2010-02-04,2010.09315068493,20,4
"501","2010trig20100401","2010",2010-04-01,2010.24657534247,20,4
"502","2010trig20100506","2010",2010-05-06,2010.34246575342,21,4
"503","2010trig20100603","2010",2010-06-03,2010.41917808219,21,4
"504","2010trig20100701","2010",2010-07-01,2010.49589041096,21,4
"505","2010trig20100710","2010",2010-07-10,2010.52054794521,21,4
"506","2010trig20100805","2010",2010-08-05,2010.59178082192,21,4
"507","2010trig20100902","2010",2010-09-02,2010.66849315068,21,4
"508","2011-02-15_ RRG_FinalNotes","2011",2011-02-15,2011.12328767123,22,4
"509","2011-02-15_LEP_FinalNotes","2011",2011-02-15,2011.12328767123,22,4
"510","2011-03-03 TRIG ARG Joint Final notes","2011",2011-03-03,2011.16712328767,22,4
"511","2011-03-08_ARG_Final_notes","2011",2011-03-08,2011.18082191781,22,4
"512","2011-03-08_ARG-CRAG_Final_notes","2011",2011-03-08,2011.18082191781,22,4
"513","2011-03-09_LEP_FinalNotes","2011",2011-03-09,2011.18356164384,22,4
"514","2011-03-22 botanicalteamlet finalnotes","2011",2011-03-22,2011.21917808219,22,4
"515","2011-04-12_ARG_Final_notes","2011",2011-04-12,2011.27671232877,22,4
"516","2011-04-27_BRCC_Final_Notes","2011",2011-04-27,2011.31780821918,22,4
"517","2011-05-10_ARG_Final_107 C Workshop notes","2011",2011-05-10,2011.35342465753,23,4
"518","2011-05-10_ARG_Final_notes","2011",2011-05-10,2011.35342465753,23,4
"519","2011-06-14_ARG_Final_notes","2011",2011-06-14,2011.44931506849,23,4
"520","2011-06-21_ RRG_FinalNotes","2011",2011-06-21,2011.46849315068,23,4
"521","2011-07-12_ARG_Final_notes","2011",2011-07-12,2011.52602739726,23,4
"522","2011-08-09_ARG_Final_notes","2011",2011-08-09,2011.60273972603,23,4
"523","2011-09-13_ARG_Final_notes","2011",2011-09-13,2011.69863013699,23,4
"524","2011-1-11_ARG_Final_notes","2011",2011-01-11,2011.02739726027,22,4
"525","2011-10-11_ARG_Final_notes","2011",2011-10-11,2011.77534246575,23,4
"526","2011-10-18_ RRG_FinalNotes","2011",2011-10-18,2011.79452054795,23,4
"527","2011-10-18_LEP_FinalNotes","2011",2011-10-18,2011.79452054795,23,4
"528","2011-11-08 ARG TRIG Joint SA 505 Final notes","2011",2011-11-08,2011.85205479452,24,4
"529","2011-11-08_ARG_Final_notes","2011",2011-11-08,2011.85205479452,24,4
"530","2011brcc20111011","2011",2011-10-11,2011.77534246575,23,4
"531","2011crag20110119","2011",2011-01-19,2011.04931506849,22,4
"532","2011crag20110216","2011",2011-02-16,2011.12602739726,22,4
"533","2011craig20110518","2011",2011-05-18,2011.37534246575,23,4
"534","2011trig_burp20110725","2011",2011-07-25,2011.56164383562,23,4
"535","2011trig20110106","2011",2011-01-06,2011.01369863014,22,4
"536","2011trig20110303","2011",2011-03-03,2011.16712328767,22,4
"537","2011trig20110407","2011",2011-04-07,2011.26301369863,22,4
"538","2011trig20110505","2011",2011-05-05,2011.3397260274,23,4
"539","2011trig20110804","2011",2011-08-04,2011.58904109589,23,4
"540","2011trig20111006","2011",2011-10-06,2011.76164383562,23,4
"541","2011trig20111201","2011",2011-12-01,2011.91506849315,24,4
"542","2012-01-10_ARG_Final_notes-rx","2012",2012-01-10,2012.02459016393,24,4
"543","2012-02-14_ARG_Final_notes-rx","2012",2012-02-14,2012.12021857923,24,4
"544","2012-03-13_ARG_Final_notes-rx","2012",2012-03-13,2012.19672131148,24,4
"545","2012-03-13_ARG-TRIG SA 505_FINAL_notes","2012",2012-03-13,2012.19672131148,24,4
"546","2012-05-8_ARG_Final_notes","2012",2012-05-08,2012.34972677596,25,4
"547","2012-06-12_ARG_Final_notes","2012",2012-06-12,2012.44535519126,25,4
"548","2012-07-10_ARG_Final_notes","2012",2012-07-10,2012.5218579235,25,4
"549","2012-09-11_ARG_Final_notes","2012",2012-09-11,2012.69398907104,25,4
"550","2012-10-16_ RRG_FinalNotes","2012",2012-10-16,2012.78961748634,25,4
"551","2012-10-16_LEP_FinalNotes","2012",2012-10-16,2012.78961748634,25,4
"552","2012-11-13 ARG Final notes","2012",2012-11-13,2012.86612021858,26,4
"553","2012-2-22_ RRG_FinalNotes","2012",2012-02-22,2012.14207650273,24,4
"554","2012-2-22_LEP_FinalNotes","2012",2012-02-22,2012.14207650273,24,4
"555","2012-6-19_ RRG_FinalNotes","2012",2012-06-19,2012.46448087432,25,4
"556","2012-6-19_LEP_FinalNotes","2012",2012-06-19,2012.46448087432,25,4
"557","2012.02.12 SA 505 ARG TRIG Final notes","2012",2012-02-12,2012.11475409836,24,4
"558","2012.04.05 SA 505 ARG TRIG Final notes","2012",2012-04-05,2012.25956284153,24,4
"559","2012.11.01 ARG TRIG Joint final notes","2012",2012-11-01,2012.83333333333,26,4
"560","2012brcc20120530","2012",2012-05-30,2012.40983606557,25,4
"561","2012brcc20121024","2012",2012-10-24,2012.81147540984,25,4
"562","2012trig20120202","2012",2012-02-02,2012.08743169399,24,4
"563","2012trig20120405","2012",2012-04-05,2012.25956284153,24,4
"564","2012trig20120607","2012",2012-06-07,2012.43169398907,25,4
"565","2012trig20120906","2012",2012-09-06,2012.68032786885,25,4
"566","2012trig20121108","2012",2012-11-08,2012.85245901639,26,4
"567","2012trig20121206","2012",2012-12-06,2012.92896174863,26,4
"568","2013arg_trig20130124","2013",2013-01-24,2013.06301369863,26,4
"569","2013arg20130108","2013",2013-01-08,2013.01917808219,26,4
"570","2013arg20130312","2013",2013-03-12,2013.19178082192,26,4
"571","2013arg20130611","2013",2013-06-11,2013.44109589041,27,4
"572","2013arg20130910","2013",2013-09-10,2013.6904109589,27,4
"573","2013brcc20130521","2013",2013-05-21,2013.38356164384,27,4
"574","2013brcc20131113","2013",2013-11-13,2013.86575342466,28,4
"575","2013crag20130130","2013",2013-01-30,2013.07945205479,26,4
"576","2013craig20130116","2013",2013-01-16,2013.04109589041,26,4
"577","2013lep20130219","2013",2013-02-19,2013.13424657534,26,4
"578","2013lep20131015","2013",2013-10-15,2013.78630136986,27,4
"579","2013rrg20130219","2013",2013-02-19,2013.13424657534,26,4
"580","2013rrg20130618","2013",2013-06-18,2013.4602739726,27,4
"581","2013rrg20131015","2013",2013-10-15,2013.78630136986,27,4
"582","2013trig_bot20130411","2013",2013-04-11,2013.27397260274,26,4
"583","2013trig20130307","2013",2013-03-07,2013.17808219178,26,4
"584","2013trig20130606","2013",2013-06-06,2013.42739726027,27,4
"585","2013trig20130905","2013",2013-09-05,2013.67671232877,27,4
"586","2013trig20131205","2013",2013-12-05,2013.92602739726,28,4
"587","2014-01-14_ARG_Final_Notes","2014",2014-01-14,2014.03561643836,28,4
"588","2014-03-04_ARG_Final_Notes","2014",2014-03-04,2014.1698630137,28,4
"589","2014-03-06_TRIG_FINAL_Notes","2014",2014-03-06,2014.17534246575,28,4
"590","2014-06-05_TRIG_FINAL_Notes","2014",2014-06-05,2014.42465753425,29,4
"591","2014-06-10 ARG Final Notes","2014",2014-06-10,2014.43835616438,29,4
"592","2014-06-19_TRIG_Conf._Call_Final_Notes","2014",2014-06-19,2014.46301369863,29,4
"593","2014-09-09 ARG Final Notes","2014",2014-09-09,2014.68767123288,29,4
"594","2014-10-21 RRG FinalNotes","2014",2014-10-21,2014.80273972603,29,4
"595","2014-10-21_LEP_FinalNotes","2014",2014-10-21,2014.80273972603,29,4
"596","2014-2-25_ RRG_FinalNotes","2014",2014-02-25,2014.15068493151,28,4
"597","2014-2-25_LEP_FinalNotes","2014",2014-02-25,2014.15068493151,28,4
"598","2014-6-17_ RRG_FinalNotes","2014",2014-06-17,2014.45753424658,29,4
"599","2014brcc20140422","2014",2014-04-22,2014.30410958904,28,4
"600","2014brcc20141022","2014",2014-10-22,2014.80547945205,29,4
"601","2014trig20140904","2014",2014-09-04,2014.67397260274,29,4
"602","2014trig20141204","2014",2014-12-04,2014.92328767123,30,4
"603","2015-02-17 RRG Final Notes","2015",2015-02-17,2015.12876712329,30,4
"604","2015-02-17_LEP_FinalNotes","2015",2015-02-17,2015.12876712329,30,4
"605","2015arg20150113","2015",2015-01-13,2015.03287671233,30,4
"606","2015trig20150305","2015",2015-03-05,2015.17260273973,30,4
